,AreaName,AvgPrice,Latitude,Longitude,PinCode,District,NormPrice,EconomicCategory,CategoryValue
0,Uttam Nagar,7486.0,28.618535,77.056782,110059,West District,7.169509805985999,Category I,1
1,Uttam Nagar West,6762.32,28.618535,77.056782,110059,West District,6.470488347163142,Category I,1
2,Malviya Nagar,11703.7,28.534883,77.210245,110017,South District,11.243496660503414,Category I,1
3,Laxmi Nagar,11858.86,28.635202,77.283208,110092,East District,11.393369766780987,Category I,1
4,Greater Kailash 1,17797.51,28.548714,77.236102,110048,South East Delhi District,17.129667282863174,Category I,1
5,Saket,13995.16,28.523848,77.206773,110017,South District,13.45687786771409,Category I,1
6,Defence Colony,20939.86,28.573199,77.232795,110024,South East Delhi District,20.16494541840928,Category II,2
7,Safdarjung Enclave,21743.02,28.565741,77.194877,110029,South District,20.940738690115232,Category II,2
8,Vasant Kunj,68576.87,28.51498,77.153245,110070,South District,66.17878057228808,Category IV,4
9,Greater Kailash Ii,16788.9,28.534883,77.241845,110048,South East Delhi District,16.15542447722626,Category I,1
10,Vasant Vihar,48856.77,28.564479,77.161155,110057,New Delhi District,47.13061968607785,Category III,3
11,Dwarka More,50359.58,28.618973,77.031514,110059,South West District,48.58222321047203,Category III,3
12,Panchsheel Park,60449.23,28.543272,77.215076,110017,South District,58.32808030478448,Category III,3
13,Panchsheel Enclave,19538.06,28.543794,77.229476,110017,South District,18.810910097579793,Category I,1
14,Shivalik,19444.44,28.532298,77.206525,110017,South District,18.72048008849429,Category I,1
15,Sarita Vihar,34203.51,28.530896,77.294073,110076,South East Delhi District,32.97665221190334,Category II,2
16,Chhawla,4819.7,28.561283,77.002434,110071,South West District,4.594060829008076,Category I,1
17,Chattarpur,28422.15,28.48533,77.174925,110030,South District,27.392285224864715,Category II,2
18,Khanpur,4519.11,28.509519,77.230424,110062,South District,4.303713078196168,Category I,1
19,Geetanjali Enclave,22596.56,28.530191,77.201991,110017,South District,21.765195322830884,Category II,2
20,Mayur Vihar Phase 1,18115.21,28.598894,77.294371,110091,East District,17.4365420306357,Category I,1
21,New Friends Colony,12636.03,28.565556,77.27041,110025,South East Delhi District,12.144058617037121,Category I,1
22,Burari,5894.39,28.755099,77.199031,110084,Central District,5.632132036699786,Category I,1
23,Sector 19 Dwarka,17552.53,28.576972,77.053127,110075,South West District,16.89303468698872,Category I,1
24,Kalkaji,57796.75,28.541421,77.255747,110019,South East Delhi District,55.765980427630964,Category III,3
25,Sector 12 Dwarka,15714.44,28.594672,77.042238,110078,South West District,15.117575432556233,Category I,1
26,Sector 22 Dwarka,19363.67,28.560631,77.059501,110077,New Delhi District,18.642462230837424,Category I,1
27,Hauz Khas,21539.83,28.549648,77.207748,110016,South District,20.744472149353825,Category II,2
28,Raja Puri,4587.62,28.709453,77.183525,110009,North District,4.369888680871319,Category I,1
29,Sarvodaya Enclave,22216.05,28.537996,77.201102,110017,South District,21.397650751616137,Category II,2
30,Sector 6 Dwarka,13743.8,28.59306,77.065686,110075,South West District,13.214082662803476,Category I,1
31,Sector 23 Dwarka,85241.3,28.56448,77.055066,110077,New Delhi District,82.27538980434007,Category V,5
32,Green Park,24418.68,28.556856,77.203604,110016,South District,23.52522873614934,Category II,2
33,Paschim Vihar,15976.95,28.669306,77.093265,110063,West District,15.371140714387414,Category I,1
34,Greater Kailash,42582.15,28.55346,77.242581,110048,South East Delhi District,41.06979995089231,Category III,3
35,East Of Kailash,14927.57,28.555346,77.247987,110065,South East Delhi District,14.357517098342296,Category I,1
36,Pitampura,19100.53,28.69176,77.120353,110034,North West District,18.388288415512076,Category I,1
37,New Ashok Nagar,5786.14,28.594022,77.30742,110096,East District,5.5275705275830855,Category I,1
38,Mohan Garden,5894.72,28.636866,77.037293,110059,West District,5.632450792339587,Category I,1
39,Sector 10 Dwarka,102339.42,28.58306,77.057824,110075,South West District,98.79091156192388,Category V,5
40,Sector 11 Dwarka,13176.38,28.589461,77.050047,110075,South West District,12.665996829057532,Category I,1
41,Dwarka Mor,997.85,28.618973,77.031514,110059,South West District,0.9024358533252684,Category I,1
42,Sector 4 Dwarka,16716.11,28.602437,77.048068,110078,West District,16.085114710495503,Category I,1
43,Sector 7 Dwarka,11841.51,28.593441,77.072453,110075,South West District,11.376610947536879,Category I,1
44,Dwarka New Delhi 110075,43931.02,28.575835,77.043334,110075,South West District,42.37270879894999,Category III,3
45,Navjeevan Vihar,9803.92,28.533019,77.199801,110017,South District,9.408449419951669,Category I,1
46,Gulmohar Park,44385.85,28.556303,77.213521,110049,South District,42.812041003952764,Category III,3
47,Anand Niketan,34421.58,28.579845,77.164595,110021,New Delhi District,33.187291734241256,Category II,2
48,Lalita Park,6253.77,28.630145,77.274076,110092,East District,5.979266587705421,Category I,1
49,Khanpur Deoli,466.51,28.509519,77.230424,110062,South District,0.38920063619761996,Category I,1
50,Hari Nagar,20296.49,28.624511,77.111014,110064,West District,19.54349749119993,Category I,1
51,Jangpura,3490.91,28.585417,77.246022,110014,South East Delhi District,3.31054777866922,Category I,1
52,Neb Sarai,4949.95,28.505609,77.198864,110062,South District,4.719872714111544,Category I,1
53,Zone L Dwarka,6307.02,28.597807,77.073263,110045,South West District,6.030702156855208,Category I,1
54,Guru Angad Nagar,7311.11,28.549345,77.253946,110019,South East Delhi District,7.0005789761530215,Category I,1
55,Golf Links,2845.53,28.597261,77.231184,110003,New Delhi District,2.6871583398356265,Category I,1
56,Punjabi Bagh,13690.83,28.667505,77.127874,110026,West District,13.162917552984432,Category I,1
57,Nawada,6609.95,28.622926,77.049585,110059,West District,6.323310174931162,Category I,1
58,Sector 5 Dwarka,13246.96,28.59772,77.057337,110075,South West District,12.734171898927801,Category I,1
59,Paryavaran Complex,5125.22,28.51606,77.203128,110068,South District,4.889170595893384,Category I,1
60,Ramesh Park,6900.4,28.635525,77.271834,110092,East District,6.603863434265535,Category I,1
61,Badarpur,3452.11,28.503489,77.300538,110044,South East Delhi District,3.2730698428380145,Category I,1
62,Sector 13 Dwarka,1352.46,28.599383,77.036146,110078,South West District,1.2449629364465007,Category I,1
63,Vishwakarma Park,6443.1,28.63599,77.273982,110092,East District,6.162145391595168,Category I,1
64,Freedom Fighter Enclave,4668.3,28.509987,77.19899,110068,South District,4.447819605171878,Category I,1
65,Jor Bagh,4500.0,28.588308,77.21383,110003,South East Delhi District,4.285254228873118,Category I,1
66,Om Vihar,5535.2,28.626044,77.05264,110059,West District,5.285181011668581,Category I,1
67,Janakpuri,14605.96,28.621667,77.088521,110058,West District,14.046865579201212,Category I,1
68,Sector 24 Rohini,21117.92,28.725017,77.085407,110085,North West District,20.336938234236708,Category II,2
69,Mahavir Enclave,8866.37,28.596709,77.08236,110045,South West District,8.502845328752011,Category I,1
70,Shahdara,14918.18,28.671679,77.294197,110032,Shahdara District,14.348447051500674,Category I,1
71,Patel Nagar,24126.85,28.652637,77.163834,110008,West District,23.24334249868489,Category II,2
72,Sector 18A Dwarka,15335.71,28.58863,77.036704,110078,South West District,14.751750209944053,Category I,1
73,Niti Bagh,16818.18,28.558991,77.215324,110049,South District,16.183706795812284,Category I,1
74,Khanpur Krishna Park,4483.39,28.509358,77.232441,110062,South District,4.26921019500311,Category I,1
75,Mehrauli,12612.03,28.521341,77.179337,110030,South District,12.120876388687924,Category I,1
76,Jaitpur,2352.82,28.50552,77.327316,110044,South East Delhi District,2.211236851088377,Category I,1
77,C R Park,17361.11,28.544341,77.253064,110019,South East Delhi District,16.70813709738023,Category I,1
78,I P Extension Patparganj,15136.3,28.612117,77.291734,110091,East District,14.559134870147645,Category I,1
79,Jasola,11324.78,28.542536,77.298059,110025,South East Delhi District,10.877487911916806,Category I,1
80,Shanti Niketan,26136.36,28.576494,77.168906,110021,New Delhi District,25.184380819101538,Category II,2
81,West Punjabi Bagh,13890.39,28.663638,77.052814,,West District,13.355677781708023,Category I,1
82,Maharani Bagh,115.23,28.573233,77.265296,110065,South East Delhi District,0.049890087259839365,Category I,1
83,Karol Bagh,15655.69,28.652979,77.192229,110005,Central District,15.060827269409755,Category I,1
84,Sector 24 Dwarka,4668.88,28.570317,77.035992,110077,South West District,4.448379842356983,Category I,1
85,Kota House Entrance,15287.42,28.606087,77.225119,110011,New Delhi District,14.705105634653105,Category I,1
86,Sector 3 Dwarka,17749.69,28.606631,77.044155,110078,West District,17.08347669287739,Category I,1
87,Delhi,21620.23,28.632694,77.21966,,New Delhi District,20.822132614323642,Category II,2
88,Vishwas Park,4464.29,28.611805,77.057041,110059,West District,4.250761004941872,Category I,1
89,Jangpura Extension,13888.89,28.581219,77.242403,110014,South East Delhi District,13.354228892436199,Category I,1
90,Sector 14 Dwarka,12569.07,28.601374,77.027647,110078,South West District,12.079380199942856,Category I,1
91,Lajpat Nagar,10288.53,28.576062,77.241561,110024,South East Delhi District,9.876546906631065,Category I,1
92,South Extension 2,25000.0,28.566668,77.220915,110049,South East Delhi District,24.086740943814196,Category II,2
93,Nizamuddin,1109.05,28.589526,77.244335,110013,South East Delhi District,1.0098468446765587,Category I,1
94,Sector 18B Dwarka,43904.58,28.585601,77.03178,110078,South West District,42.34716971071863,Category III,3
95,Chittaranjan Park,20944.52,28.538075,77.248299,110019,South East Delhi District,20.169446634413745,Category II,2
96,Dwarka More Mohan Garden,10589.84,28.636866,77.037293,110059,West District,10.167590124293449,Category I,1
97,Mayur Vihar I,11284.72,28.598894,77.294371,110091,East District,10.838792909097265,Category I,1
98,Tagore Garden,13248.88,28.645861,77.110687,110027,West District,12.73602647719574,Category I,1
99,Sector 9 Dwarka,13763.46,28.57934,77.065129,110077,South West District,13.233072771526194,Category I,1
100,L Zone Dwarka Phase 2 Delhi,4400.0,28.613626,77.019343,110078,South West District,4.1886616107514545,Category I,1
101,Preet Vihar,35433.03,28.639118,77.294735,110092,East District,34.16427777023282,Category II,2
102,Najafgarh,3513.23,28.613304,76.980431,110043,South West District,3.3321072510339755,Category I,1
103,Chattarpur Enclave Phase 2,8306.16,28.500421,77.187847,110074,South District,7.961723822772637,Category I,1
104,Guru Ram Das Nagar,7777.78,28.687432,77.198608,110007,North District,7.451347747141389,Category I,1
105,Mansa Ram Park,4907.94,28.617651,77.039019,110059,West District,4.679294155238633,Category I,1
106,Ramesh Nagar,6542.06,28.649318,77.130681,110015,West District,6.257733446488365,Category I,1
107,Nawada Uttam Nagar,6177.99,28.618535,77.056782,110059,West District,5.906068701692824,Category I,1
108,Sector-8 Dwarka,7914.0,28.575747,77.073874,110077,South West District,7.58292621154672,Category I,1
109,Jamia Nagar,16273.36,28.560839,77.281419,110025,South East Delhi District,15.657450893761837,Category I,1
110,Kailash Colony,9800.0,28.554173,77.24069,110048,South District,9.404662989321299,Category I,1
111,Sector 2 Dwarka,13666.13,28.598827,77.067843,110075,South West District,13.139059176308379,Category I,1
112,Khirki Extension,6245.41,28.532781,77.217764,110017,South District,5.97119144483045,Category I,1
113,Sangam Vihar,5974.82,28.500277,77.244059,110080,South East Delhi District,5.70982147945504,Category I,1
114,Dwarka Phase 2,6403.8,28.572503,77.018944,110071,South West District,6.124184492673353,Category I,1
115,Ghitorni,5510.91,28.500863,77.131536,110030,New Delhi District,5.261718664726829,Category I,1
116,Safdarjung Development Area,9554.6,28.551221,77.199048,110016,South District,9.167624704450738,Category I,1
117,Munirka,15383.25,28.553441,77.174918,110067,New Delhi District,14.797670340599096,Category I,1
118,Krishan Kunj,4000.0,28.700958,77.278916,110053,North East District,3.802291138264799,Category I,1
119,Param Puri,4600.0,28.618948,77.054646,110059,West District,4.381846846994781,Category I,1
120,Krishna Nagar,7919.11,28.65846,77.283538,110051,Shahdara District,7.587862094332737,Category I,1
121,Sukhdev Vihar,16114.22,28.55518,77.274676,110025,South East Delhi District,15.503733401283021,Category I,1
122,Lajpat Nagar Iii,5786.62,28.567256,77.239107,110024,South East Delhi District,5.528034172150068,Category I,1
123,Tilak Nagar,7827.27,28.637748,77.088869,110018,West District,7.499151433849802,Category I,1
124,Dwarka Sector 12,1282.67,28.594672,77.042238,110078,South West District,1.1775509482593916,Category I,1
125,Uttam Nagar Nanhey Park,4394.34,28.618535,77.056782,110059,West District,4.183194468565768,Category I,1
126,Vasundhara Enclave,12548.67,28.60126,77.321231,110096,East District,12.059675305846037,Category I,1
127,Sector-7 Rohini,12545.45,28.708924,77.118426,110085,North West District,12.056565023542518,Category I,1
128,Lajpat Nagar Ii,22222.22,28.569781,77.242302,110024,South East Delhi District,21.403610516154245,Category II,2
129,Poorvi Pitampura,11505.54,28.69176,77.120353,110034,North West District,11.052088728433525,Category I,1
130,Mayur Vihar,19909.45,28.607676,77.301188,110091,East District,19.16964542202184,Category I,1
131,Duggal Colony,434.19,28.510371,77.230325,110062,South District,0.35798190202069824,Category I,1
132,Vikas Puri,12997.71,28.638774,77.075727,110018,West District,12.493414798259554,Category I,1
133,Jawahar Park,3780.69,28.507696,77.23062,110062,South District,3.5904538674621773,Category I,1
134,Sector-18 Dwarka,11428.96,28.589569,77.033645,110078,South West District,10.978118101475953,Category I,1
135,Vikaspuri,15251.96,28.638774,77.075727,110018,West District,14.67085389226716,Category I,1
136,Hauz Khas Enclave,22413.79,28.548088,77.20364,110016,South District,21.588652994689916,Category II,2
137,South Delhi,7477.94,28.515603,77.227055,,South District,7.1617244409653935,Category I,1
138,Uttam Nagar East,5158.16,28.619541,77.063775,110059,South West District,4.92098820430266,Category I,1
139,South Extension,34953.84,28.571261,77.219909,110049,South East Delhi District,33.701415603455615,Category II,2
140,Sector22 Rohini,17952.04,28.721034,77.073372,110086,North West District,17.278931855646583,Category I,1
141,Lajpat Nagar Iv,15176.97,28.56298,77.240746,110024,South East Delhi District,14.598419087937724,Category I,1
142,Patparganj,15415.62,28.612117,77.291734,110091,East District,14.828937371085077,Category I,1
143,Govindpuri,6550.4,28.535546,77.264039,110019,South East Delhi District,6.265789270839712,Category I,1
144,Sector 17 Dwarka,10957.27,28.591823,77.028044,110078,South West District,10.522500381057878,Category I,1
145,Rama Park,5778.19,28.621244,77.034906,110059,West District,5.519891414442412,Category I,1
146,Anand Lok,49979.18,28.557201,77.218116,110049,South District,48.21478489113722,Category III,3
147,Uttam Nagar Subhash Park Extn,4897.96,28.61231,77.055123,110059,West District,4.669654211950091,Category I,1
148,Palam,9957.71,28.580917,77.088389,110045,South West District,9.556999207360976,Category I,1
149,Okhla,8486.43,28.564067,77.289191,110025,South East Delhi District,8.13585133546056,Category I,1
150,Ganesh Nagar,6273.84,28.635497,77.089232,110018,West District,5.998652726162439,Category I,1
151,Safdarjung,24461.76,28.565741,77.194877,110029,South District,23.56684083603615,Category II,2
152,Mayur Vihar Phase 3,10990.0,28.610627,77.336514,110096,East District,10.5541151449691,Category I,1
153,Kiran Garden,4888.89,28.619453,77.046439,110059,West District,4.660893261486456,Category I,1
154,Tagore Garden Extension,8149.27,28.651729,77.112763,110027,West District,7.810179664201559,Category I,1
155,Matiala,4941.14,28.614166,77.046822,110059,West District,4.711362904455026,Category I,1
156,Priyadarshini Vihar,5849.97,28.642246,77.277938,110092,East District,5.589225595730142,Category I,1
157,Moti Nagar,17929.32,28.662193,77.13917,110015,West District,17.25698601280934,Category I,1
158,Gagan Vihar,976.27,28.644682,77.292236,110051,East District,0.8815911663346134,Category I,1
159,Deoli Khanpur,5967.32,28.509519,77.230424,110062,South District,5.702577033095914,Category I,1
160,Sector 13 Rohini,20278.48,28.721065,77.128913,110089,North District,19.526101160676216,Category I,1
161,Greater Kailash Enclave Ii,103591.16,28.539217,77.238547,110048,South East Delhi District,100.0,Category V,5
162,Rohini Sector 9,21925.72,28.717325,77.127455,110085,North District,21.117213403423513,Category II,2
163,Vishnu Garden,2888.89,28.653971,77.100309,110018,West District,2.72904089905318,Category I,1
164,D Block Vikaspuri,12357.14,28.6336,77.0674,110018,West District,11.874671464357613,Category I,1
165,Nanhey Park New Delhi,6428.57,28.632694,77.21966,,New Delhi District,6.148110484182089,Category I,1
166,Sector 11 Rohini,12541.67,28.73339,77.109005,110085,North West District,12.05291382257752,Category I,1
167,Shalimar Bagh,11360.16,28.708724,77.166944,110088,North District,10.911662380208249,Category I,1
168,Bindapur,6574.19,28.610709,77.068586,110059,South West District,6.288768654690855,Category I,1
169,Uttari Pitampura,12848.58,28.69176,77.120353,110034,North West District,12.349366226854718,Category I,1
170,Gautam Nagar,11820.33,28.561382,77.211631,110049,South District,11.356152631018709,Category I,1
171,Mahipalpur,540.75,28.545272,77.129485,110037,New Delhi District,0.4609109958911432,Category I,1
172,Sewak Park,9156.31,28.617788,77.033562,110059,West District,8.782905965733962,Category I,1
173,D Block Lane,1215.52,28.627061,77.139963,110028,New Delhi District,1.1126890051906941,Category I,1
174,Jain Colony,4809.52,28.685289,77.194123,110007,Central District,4.584227700483292,Category I,1
175,Sector 25 Rohini,7856.87,28.731926,77.094379,110085,North West District,7.527742848813814,Category I,1
176,Shastri Nagar,11133.19,28.673383,77.179699,110052,Central District,10.69242611485751,Category I,1
177,Anand Vihar,12941.36,28.652633,77.311955,110092,Shahdara District,12.438984857947998,Category I,1
178,Dwarka Sector 13,1050.66,28.599383,77.036146,110078,South West District,0.9534464149553192,Category I,1
179,Jagdamba Vihar,31424.9,28.60105,77.095706,110046,South West District,30.29272006551298,Category II,2
180,Dilshad Garden,1271.95,28.682157,77.319274,110095,Shahdara District,1.1671962195967491,Category I,1
181,Tughlakabad,3228.4,28.512079,77.267811,110044,South East Delhi District,3.0569824968380406,Category I,1
182,Aya Nagar,554.69,28.475084,77.133169,110047,South District,0.47437600685730325,Category I,1
183,New Rajendra Nagar,931.82,28.636315,77.17996,110060,Central District,0.8386557475795339,Category I,1
184,Sector 3 Rohini,13571.43,28.70253,77.108311,110085,North West District,13.047585966947164,Category I,1
185,Sector-24 Rohini,10818.45,28.725017,77.085407,110085,North West District,10.388410508581385,Category I,1
186,Rajouri Garden,11552.01,28.643074,77.124982,110027,West District,11.096975318074662,Category I,1
187,Dwarka Sector 19,10119.48,28.576972,77.053127,110075,South West District,9.713257085696391,Category I,1
188,Kailash Hills,129.26,28.554787,77.246769,110065,South East Delhi District,0.06344203158230878,Category I,1
189,Ashok Vihar,9726.4,28.6916,77.167153,110052,North West District,9.333570822383756,Category I,1
190,Bamnoli Dwarka Sector 28,599.21,28.596492,77.075086,110045,South West District,0.5173790404450679,Category I,1
191,Dwarka Sector3,12407.7,28.636282,77.207186,110001,New Delhi District,11.923508692079928,Category I,1
192,Matiala Extension,4706.67,28.614166,77.046822,110059,West District,4.484882192745161,Category I,1
193,Alaknanda,16648.1,28.527939,77.250154,110019,South East Delhi District,16.019422070910956,Category I,1
194,Lalita Park Foot Over Bridge,63.58,28.631705,77.270747,110092,East District,0.0,Category I,1
195,Sainik Nagar Mansa Ram Park,4888.89,28.617651,77.039019,110059,West District,4.660893261486456,Category I,1
196,Mayur Vihar Phase 2,10768.05,28.618247,77.297834,110091,East District,10.339727829048066,Category I,1
197,Chhattarpur Enclave Phase1,4351.47,28.500326,77.191784,110074,South District,4.141785213177011,Category I,1
198,Dlf Ankur Vihar,6451.85,28.552668,77.213231,110049,South District,6.170597245680813,Category I,1
199,Sector 1 Dwarka,10330.81,28.597807,77.073263,110045,South West District,9.917386265572903,Category I,1
200,Sector-D Vasant Kunj,16101.29,28.521405,77.1461,110070,South District,15.491243975759891,Category I,1
201,Civil Lines,17656.97,28.680644,77.21888,110054,Central District,16.993916017354987,Category I,1
202,Kaushambi,7661.32,28.632694,77.21966,,,7.3388559840769005,Category I,1
203,Tigri,12698.25,28.511275,77.238326,110062,South District,12.204158544032422,Category I,1
204,Sector 12 Dwarka New Delhi,10770.12,28.594672,77.042238,110078,South West District,10.341727296243185,Category I,1
205,Sector 4,13884.31,28.524277,77.228379,110017,South District,13.349804950526226,Category I,1
206,South Ex,20631.31,28.515603,77.227055,,South District,19.866908895194886,Category I,1
207,Model Town,13747.54,28.730261,77.171765,,North District,13.217695226721226,Category I,1
208,Dwarka 11 Sector,10999.26,28.589461,77.050047,110075,South West District,10.563059621407165,Category I,1
209,Govind Puri,11886.11,28.535546,77.264039,110019,South East Delhi District,11.419691255219142,Category I,1
210,Rohini Sector 16,14209.67,28.735915,77.122823,110089,North District,13.664078692846873,Category I,1
211,Rohini Sector 5,5833.33,28.713639,77.103875,110085,North West District,5.573152584074697,Category I,1
212,Uttam Nagar Vani Vihar,4375.0,28.61749,77.063792,110059,West District,4.164513456221037,Category I,1
213,Devli,9862.5,28.503704,77.23216,110062,South District,9.46503337564734,Category I,1
214,Paryavaran Complex Main,4250.28,28.51606,77.203128,110068,South District,4.044043142899699,Category I,1
215,Bamnoli Sector 28 Dwarka,5172.84,28.596492,77.075086,110045,South West District,4.93516800064292,Category I,1
216,Nangloi,774.83,28.672178,77.065816,110041,West District,0.6870149963903338,Category I,1
217,Nirman Vihar,11839.1,28.635382,77.287782,110092,East District,11.374283065440146,Category I,1
218,Shanti Park Dwarka,8102.68,28.584408,77.049432,110075,South West District,7.7651771634186755,Category I,1
219,Kirti Nagar,21503.17,28.65052,77.142426,110015,West District,20.70906129555042,Category II,2
220,Raju Park,4463.84,28.60992,77.030927,110078,South West District,4.250326338160324,Category I,1
221,Santnagar,4428.63,28.740852,77.20271,110084,Central District,4.216316077319687,Category I,1
222,Ip Extension,11762.02,28.629337,77.302631,110092,East District,11.299829475391968,Category I,1
223,Loni,5651.87,28.687996,77.291986,110032,Shahdara District,5.397875619231127,Category I,1
224,Dwarka Sector 11 Pocket 4,53589.26,28.587676,77.043674,110075,South West District,51.70185567942378,Category III,3
225,Kamla Nagar,293.63,28.682825,77.203627,110007,Central District,0.2222113179888876,Category I,1
226,North Campus,29831.19,28.852488,77.097797,,North District,28.753313851246205,Category II,2
227,Om Vihar Extn Delhi,4662.86,28.617795,77.050624,110059,West District,4.442564966746059,Category I,1
228,Sector 12 Dwarka Pocket 3,10128.78,28.595862,77.04682,110078,South West District,9.722240199181705,Category I,1
229,Sector-14 Rohini,15131.02,28.714734,77.133387,110085,North West District,14.554034779910822,Category I,1
230,Westend,7702.11,28.671356,77.092747,110087,West District,7.378256113008727,Category I,1
231,Ashok Nagar,6884.79,28.635974,77.101596,110018,West District,6.588785326576745,Category I,1
232,Dabri,10802.96,28.6088,77.084165,110045,South West District,10.373448312034338,Category I,1
233,East Delhi,12340.89,28.635929,77.285827,,East District,11.858975163912842,Category I,1
234,Pandav Nagar,1457.06,28.619713,77.285675,110091,East District,1.3459988150017608,Category I,1
235,Sheikh Sarai,14514.72,28.536347,77.221134,110017,South District,13.958734474427006,Category I,1
236,Block J,5925.93,28.654794,77.146398,110015,West District,5.662597348455359,Category I,1
237,Rohini Sector 24,1017.32,28.725017,77.085407,110085,North West District,0.9212424360735565,Category I,1
238,Arjun Nagar,8287.29,28.561888,77.198002,110029,South District,7.943496795733079,Category I,1
239,Dwarka 10 Sector,536.84,28.590611,77.057569,110075,South West District,0.45713422452258623,Category I,1
240,Mahavir Enclave Bengali Colony,555.11,28.596709,77.08236,110045,South West District,0.4747816958534141,Category I,1
241,Mandawali,4646.3,28.630237,77.291411,110092,East District,4.426569229185112,Category I,1
242,Rama Park Block B,6271.6,28.622718,77.034595,110059,West District,5.996489051516514,Category I,1
243,Sector-8 Rohini,13703.7,28.703195,77.124575,110085,North West District,13.175349022936691,Category I,1
244,Bank Enclave,1462.5,28.642002,77.270898,110031,East District,1.3512534534275795,Category I,1
245,Dwarka Sec 6,8811.73,28.59306,77.065686,110075,South West District,8.450067122210331,Category I,1
246,L Zone Delhi,4374.09,28.636126,77.112166,110027,West District,4.16363446339613,Category I,1
247,Sahibabad,7497.31,28.744516,77.096549,110042,North District,7.18043443109556,Category I,1
248,Sector 21 Dwarka,4371.43,28.55764,77.067198,110077,New Delhi District,4.1610650997540946,Category I,1
249,Sector 15 Rohini,10879.63,28.732456,77.127145,110089,North District,10.447505872348216,Category I,1
250,Narela,7274.73,28.852488,77.097797,110040,North District,6.96543858168036,Category I,1
251,Nawada Extension,5555.56,28.622926,77.049585,110059,West District,5.304847268718152,Category I,1
252,Sadulajab,3950.62,28.632694,77.21966,,New Delhi District,3.7545937034363206,Category I,1
253,Vasant Kunj Enclave,12156.71,28.51498,77.153245,110070,South District,11.681070879856362,Category I,1
254,Mansarovar Garden,7121.88,28.642099,77.133346,110015,West District,6.817796764881397,Category I,1
255,Naraina,6666.67,28.643119,77.144943,110028,West District,6.3780975079297715,Category I,1
256,Saraswati Vihar,8357.14,28.696815,77.12461,110034,North West District,8.01096673949106,Category I,1
257,Sector 18 Dwarka New Delhi,9227.84,28.589569,77.033645,110078,South West District,8.851998665476387,Category I,1
258,Dwarka Sector 7,8827.84,28.593441,77.072453,110075,South West District,8.465628192989733,Category I,1
259,Sector 28 Dwarka,4467.46,28.596492,77.075086,110045,South West District,4.253822990936328,Category I,1
260,Sector-18 Rohini,1243.7,28.740602,77.137224,110089,North District,1.1399088049773791,Category I,1
261,Connaught Place,44218.75,28.632735,77.219696,110001,New Delhi District,42.65063473907146,Category III,3
262,Abul Fazal Enclave Jamia Nagar,5128.21,28.555496,77.297802,110025,South East Delhi District,4.892058715175222,Category I,1
263,Begampur Park,6812.9,28.673665,77.094644,110063,West District,6.519344893409079,Category I,1
264,Geeta Colony,10402.22,28.652544,77.275947,110031,Shahdara District,9.986363054173584,Category I,1
265,Rajpur Khurd Village,6985.42,28.49442,77.190688,110068,South District,6.685986478192573,Category I,1
266,Karampura,15708.28,28.664786,77.147423,110015,West District,15.11162532727994,Category I,1
267,Chattarpur Enclave,3510.8,28.48533,77.174925,110030,South District,3.3297600504136193,Category I,1
268,Dwarka 8 Sector,7444.44,28.575747,77.073874,110077,South West District,7.129365913894635,Category I,1
269,Dwarka Sec 23,8463.06,28.566949,77.055135,110077,South West District,8.113277640605528,Category I,1
270,Fateh Nagar,9411.76,28.63086,77.101612,110018,West District,9.029651808725752,Category I,1
271,Freedom Fighters Enclave,4288.07,28.510955,77.202062,110068,South District,4.080545493287875,Category I,1
272,Sector 18 Sector 18A Dwarka,10344.15,28.58863,77.036704,110078,South West District,9.930271720830333,Category I,1
273,Shivaji Marg,15741.67,28.662335,77.152738,110015,West District,15.143877602470763,Category I,1
274,Vijay Nagar,7148.67,28.690228,77.201634,110009,North District,6.843673927276191,Category I,1
275,Kapashera,5486.11,28.527669,77.076869,110097,New Delhi District,5.237763695432656,Category I,1
276,Dwarka Sub City,9509.9,28.597807,77.073263,110045,South West District,9.124447804150353,Category I,1
277,East Patel Nagar,8000.0,28.647715,77.174001,110005,West District,7.665995863131352,Category I,1
278,Nawada Sainik Nagar,5454.55,28.616509,77.041746,110059,West District,5.20727906515346,Category I,1
279,Sector 7 Dwarka New Delhi,10737.49,28.593441,77.072453,110075,South West District,10.310209124950086,Category I,1
280,Indraprastha,11551.25,28.61453,77.251556,110013,New Delhi District,11.096241214176937,Category I,1
281,Krishna Park Jawahar Park,3720.97,28.509358,77.232441,110062,South District,3.53276875591992,Category I,1
282,Mundka,3672.24,28.681933,77.030648,110041,West District,3.485699173109233,Category I,1
283,Sector-23 Rohini,8428.82,28.719668,77.081978,110085,North West District,8.08020432816067,Category I,1
284,Sector 16B Dwarka,8516.23,28.599926,77.017662,110078,South West District,8.164635935660817,Category I,1
285,Rajpur,4232.22,28.49442,77.190688,110068,South District,4.026598516066927,Category I,1
286,Shakarpur,6250.0,28.626964,77.279287,110092,East District,5.975625046002234,Category I,1
287,Mandi,4636.84,28.454097,77.146367,110047,South District,4.4174315675108025,Category I,1
288,Sector 26 Dwarka,5243.94,28.545199,77.055081,110077,South West District,5.003845352127422,Category I,1
289,Mansarover Garden,1000.0,28.642099,77.133346,110015,West District,0.9045125946148843,Category I,1
290,Shakti Nagar,22370.68,28.67965,77.195243,110007,Central District,21.547011917017667,Category II,2
291,Som Vihar,28333.33,28.571889,77.175111,110022,New Delhi District,27.306491661449055,Category II,2
292,Devli Export Enclave,3973.46,28.503704,77.23216,110062,South District,3.7766554574153095,Category I,1
293,Hastsal,5833.33,28.636429,77.060879,110059,West District,5.573152584074697,Category I,1
294,Rajapuri East Uttam Nagar,4509.8,28.618535,77.056782,110059,West District,4.294720305449041,Category I,1
295,Rajinder Nagar,22222.22,28.703218,77.287433,110094,North East District,21.403610516154245,Category II,2
296,Sector 23,8605.71,28.719668,77.081978,110085,North West District,8.251067010356081,Category I,1
297,Sector-B Vasant Kunj,16824.4,28.522471,77.164599,110070,South District,16.18971485665945,Category I,1
298,Sultanpur,4761.54,28.48498,77.160476,110030,South District,4.537882562308517,Category I,1
299,Tri Nagar,11870.38,28.678393,77.156999,110035,North West District,11.404497236388602,Category I,1
300,Deoli Gaon Nai Basti,317.63,28.505528,77.234013,110062,South District,0.2453935463380869,Category I,1
301,Gulmohar Enclave,21808.71,28.558254,77.210392,110049,South District,21.00419038095935,Category II,2
302,Kalkaji Govindpuri,9322.92,28.535546,77.264039,110019,South East Delhi District,8.943838926786466,Category I,1
303,Khera Khurd,9125.0,28.773865,77.099991,110082,North District,8.752662817000068,Category I,1
304,Manglapuri,9453.97,28.588744,77.087511,110045,South West District,9.070423552834905,Category I,1
305,Panchsheel Vihar,4814.81,28.534383,77.222077,110017,South District,4.589337449981928,Category I,1
306,Sector 19B,15555.34,28.667179,77.101017,110063,West District,14.963896577124666,Category I,1
307,Sector 29 Dwarka,4528.44,28.57616,77.050916,110075,South West District,4.312725169466918,Category I,1
308,Sector 9 Rohini,22768.67,28.717325,77.127455,110085,North District,21.931440877880075,Category II,2
309,Shahpur Jat,7333.33,28.549127,77.210407,110049,South District,7.022041855899655,Category I,1
310,Bakkarwala,7500.0,28.659125,77.016713,110041,West District,7.183032772523032,Category I,1
311,Bank Colony,3160.49,28.70331,77.311683,110093,Shahdara District,2.9913864498716185,Category I,1
312,Kotla Mubarakpur,19978.63,28.573136,77.223323,110003,South East Delhi District,19.236468195238405,Category I,1
313,Malka Ganj,77564.1,28.675838,77.205485,110007,Central District,74.85978132590368,Category IV,4
314,Razapur Khurd,4540.28,28.638323,77.029816,110059,West District,4.324161735452524,Category I,1
315,Vasant Kunj Marg,15449.02,28.51498,77.153245,110070,South District,14.861199305537712,Category I,1
316,Vivek Vihar,11733.09,28.67147,77.302295,110095,Shahdara District,11.271885230969371,Category I,1
317,Bank Colony Deoli,2888.89,28.500987,77.224467,110062,South District,2.72904089905318,Category I,1
318,Bhagwati Garden,4670.0,28.621219,77.033078,110059,West District,4.449461679679946,Category I,1
319,Gharoli,10487.18,28.620359,77.334202,110096,East District,10.068428142529749,Category I,1
320,Kalkaji Extension,10735.93,28.541421,77.255747,110019,South East Delhi District,10.308702280107388,Category I,1
321,Karkardooma,7458.85,28.649875,77.302592,110092,Shahdara District,7.143284910165967,Category I,1
322,Sudarshan Park,11158.02,28.660094,77.132877,110015,West District,10.716410061937118,Category I,1
323,Chirag Delhi,11406.25,28.538589,77.228025,110017,South District,10.956181917900524,Category I,1
324,Dwarka Sector 9,10563.29,28.57934,77.065129,110077,South West District,10.141944784182149,Category I,1
325,Madhu Vihar,11541.67,28.601681,77.059258,110059,South West District,11.086987641360881,Category I,1
326,Munirka Vihar,14117.65,28.553441,77.174918,110067,New Delhi District,13.575194165651316,Category I,1
327,Pocket 2 Sector 6 Dwarka,10415.58,28.59122,77.059791,110075,South West District,9.999267827954638,Category I,1
328,Zakir Nagar,4916.67,28.56727,77.279498,110025,South East Delhi District,4.6877266908006545,Category I,1
329,Gujranwala Town,10146.1,28.638975,77.08086,110018,West District,9.738970040640378,Category I,1
330,Kalyan Vihar,3589.74,28.691047,77.197438,110009,North District,3.4060102631588602,Category I,1
331,Sector 19,12156.18,28.577133,77.052768,110075,South West District,11.680558938980317,Category I,1
332,South Anarkali Delhi,11111.11,28.515603,77.227055,,South District,10.671098464776247,Category I,1
333,Sunlight Colony,6857.14,28.576913,77.258301,110014,South East Delhi District,6.562077467666104,Category I,1
334,Ashok Vihar Phase-1,8641.98,28.6916,77.167153,110052,North West District,8.286101152948808,Category I,1
335,Dwarka Sector 17,8658.35,28.591823,77.028044,110078,South West District,8.301913364535325,Category I,1
336,Inderpuri,661.4,28.631922,77.147498,110012,New Delhi District,0.5774499896549306,Category I,1
337,Old Delhi,10747.13,28.563078,77.289901,110025,South East Delhi District,10.319520653337014,Category I,1
338,Sector 4 Rohini,9500.0,28.707737,77.10273,110085,North West District,9.114885134956307,Category I,1
339,Vinod Nagar North,5776.38,28.626427,77.290015,110092,East District,5.51814308805441,Category I,1
340,Wea,18607.86,28.632694,77.21966,,,17.912405563812076,Category I,1
341,Alaknanda Gangotri Enclave,14507.67,28.524453,77.252141,110019,South East Delhi District,13.95192469484943,Category I,1
342,Ashram,14973.26,28.578917,77.259447,110014,South East Delhi District,14.401650265562086,Category I,1
343,Baljeet Nagar,2921.35,28.653045,77.15715,110008,West District,2.7603948628954718,Category I,1
344,Budh Vihar,2555.56,28.622737,77.313299,110091,East District,2.4070687250682377,Category I,1
345,Devli Nai Basti,416.67,28.505528,77.234013,110062,South District,0.3410588753257828,Category I,1
346,Govindpura,5873.02,28.645781,77.284887,110051,East District,5.611490194207187,Category I,1
347,Kalkaji Main,14000.0,28.541421,77.255747,110019,South East Delhi District,13.46155295043118,Category I,1
348,Roop Nagar,27247.96,28.684984,77.20039,110007,Central District,26.25810436214195,Category II,2
349,Subhash Park Extn New Delhi,4400.0,28.679682,77.276699,110032,Shahdara District,4.1886616107514545,Category I,1
350,Vishwas Park Extn Uttam Nagar,3500.0,28.610002,77.057957,110059,West District,3.3193280476564793,Category I,1
351,Wazirabad,4117.65,28.724929,77.224245,110084,Central District,3.9159323534849353,Category I,1
352,Babarpur,7222.22,28.688691,77.279249,110032,Shahdara District,6.914717797904675,Category I,1
353,Bali Nagar,4444.44,28.653915,77.128918,110015,West District,4.23158737024472,Category I,1
354,Bamnoli,735.29,28.545682,77.031618,110077,South West District,0.6488222751850279,Category I,1
355,Bhalswa,3461.54,28.742565,77.163174,110042,North District,3.282178526726888,Category I,1
356,Dda Flat,9622.96,28.52615,77.221537,110017,South District,9.233655418198705,Category I,1
357,Dwarka Sector 11 Pocket 3,5630.64,28.585082,77.047071,110075,South West District,5.377369006403898,Category I,1
358,E 2 Vasant Kunj,5641.03,28.51498,77.153245,110070,South District,5.387404979426738,Category I,1
359,Madangir,441.92,28.519654,77.228583,110062,South District,0.3654485114015029,Category I,1
360,Masjid Moth,14571.43,28.541008,77.234227,110048,South East Delhi District,14.013512148163803,Category I,1
361,Meera Bagh,8346.59,28.658887,77.089295,110087,West District,8.000776218279226,Category I,1
362,Netaji Subhash Place,20357.14,28.692377,77.149477,110034,North West District,19.602080914090717,Category I,1
363,New Kondli,1087.99,28.606115,77.330756,110096,East District,0.9895044393001363,Category I,1
364,Sector 11 Dwarka Pocket 2,8394.06,28.585773,77.045946,110075,South West District,8.046628734101578,Category I,1
365,Sector 15A,18636.36,28.675372,77.223558,110054,Central District,17.93993445997675,Category I,1
366,Swasthya Vihar,14204.55,28.640829,77.289421,110092,East District,13.659133150799041,Category I,1
367,Abul Fazal Enclave,3466.67,28.54637,77.307199,110025,South East Delhi District,3.2871337280365296,Category I,1
368,Central Secretariat,16216.22,28.615966,77.215843,110001,New Delhi District,15.602257871767117,Category I,1
369,Delhi Apartments,1152.93,28.603676,77.054309,110078,West District,1.052231685508345,Category I,1
370,Derawal Nagar,8171.6,28.699642,77.190193,110009,North District,7.831748795828126,Category I,1
371,Dwarka Sector 12 Pocket 4,9145.82,28.595862,77.043795,110078,South West District,8.772773400093,Category I,1
372,Paschim Vihar Main,10952.38,28.669306,77.093265,110063,West District,10.517777002031728,Category I,1
373,Sector 6 Dwarka Palam Vihar,11319.5,28.594958,77.068549,110075,South West District,10.87238782167998,Category I,1
374,Sushant Lok Delhi,3459.87,28.657155,77.316155,110092,Shahdara District,3.2805654300042555,Category I,1
375,Vinod Nagar East,474.07,28.623101,77.307622,110091,East District,0.3965030381276178,Category I,1
376,10 Sector Dwarka,8200.93,28.590611,77.057569,110075,South West District,7.86007941072321,Category I,1
377,B K Dutt Colony,21912.35,28.581666,77.215914,110003,South East Delhi District,21.10429897038064,Category II,2
378,Bhagwati Vihar,2888.89,28.612684,77.06236,110059,West District,2.72904089905318,Category I,1
379,Block A,11785.71,28.644128,77.101778,110018,West District,11.322712266624988,Category I,1
380,Jagriti Enclave Shreshtha Vihar,20790.44,28.655879,77.316371,110092,Shahdara District,20.020616728411884,Category II,2
381,Kundli,5177.13,28.69801,77.120157,110034,North West District,4.93931182396034,Category I,1
382,Loknayak Puram,5765.43,28.663064,77.010044,110041,West District,5.507566196370088,Category I,1
383,Mansarovar Park,7849.56,28.681864,77.299151,110032,Shahdara District,7.520681928429121,Category I,1
384,Mayur Vihar Iii,810.86,28.610627,77.336514,110096,East District,0.7218173166995693,Category I,1
385,Okhla Vihar,4888.89,28.554818,77.290006,110025,South East Delhi District,4.660893261486456,Category I,1
386,Ranjeet Nagar,10909.09,28.64345,77.169485,110008,West District,10.47596205764686,Category I,1
387,Shyam Vihar Phase1,4637.25,28.606015,77.02922,110078,South West District,4.417827597245101,Category I,1
388,Anupam Garden 10Th Lane,9523.81,28.514134,77.208503,110017,South District,9.137883837331076,Category I,1
389,Bhiwadi,3696.78,28.632694,77.21966,,,3.5094030015962896,Category I,1
390,Block A1 Chattarpur,3750.0,28.494484,77.184047,110074,South District,3.560809592960639,Category I,1
391,Deepali,7393.76,28.694694,77.118494,110034,North West District,7.080412775030577,Category I,1
392,Dilshad Colony,8714.29,28.6884,77.326317,110095,Shahdara District,8.355947275112584,Category I,1
393,Dwarka Sector 15,8216.37,28.606782,77.023576,110078,South West District,7.874993310961195,Category I,1
394,Kakrola,6296.3,28.608126,77.018272,110078,South West District,6.020347428192565,Category I,1
395,Kalu Sarai,25713.38,28.539458,77.199566,110016,South District,24.775813362970524,Category II,2
396,Mahipalpur Extension,4843.21,28.545272,77.129485,110037,New Delhi District,4.61676975352848,Category I,1
397,Nasirpur,8892.86,28.600232,77.087882,110045,South West District,8.528432713292439,Category I,1
398,Navin Shahdara,9565.22,28.671679,77.294197,,Shahdara District,9.177882840495256,Category I,1
399,Sarai Rohilla,3157.89,28.66302,77.182898,110005,Central District,2.9888750418004553,Category I,1
400,Sector 111,10260.67,28.736906,77.051255,110086,North West District,9.849636203222369,Category I,1
401,Sector 8 Dwarka Block B,10526.32,28.575747,77.073874,110077,South West District,10.10623449326257,Category I,1
402,Sector-28 Rohini,5798.52,28.756306,77.101561,110042,North District,5.539528693706547,Category I,1
403,Sector24,10142.86,28.632694,77.21966,,New Delhi District,9.735840439813238,Category I,1
404,Sectorb Vasant Kunj,14285.71,28.522471,77.164599,110070,South District,13.737527719666584,Category I,1
405,Sewa Nagar,6166.67,28.577172,77.225249,110003,South East Delhi District,5.895134417321453,Category I,1
406,Shakurpur,2471.91,28.682335,77.141606,110034,North West District,2.326269000009466,Category I,1
407,Shadipur,20636.36,28.652243,77.151937,110008,West District,19.871786822410026,Category I,1
408,Aerocity,4391.01,28.552016,77.121662,110037,New Delhi District,4.1799779343823165,Category I,1
409,Bharat Vihar,4383.33,28.607385,77.029196,110078,South West District,4.1725596213105725,Category I,1
410,Chitra Vihar,11877.01,28.642648,77.285919,110092,East District,11.41090132697007,Category I,1
411,Defence Colony Flyover,53722.18,28.573199,77.232795,110024,South East Delhi District,51.83024658743109,Category III,3
412,Delhi Cantonment,8437.5,28.584669,77.133538,,New Delhi District,8.08858856741363,Category I,1
413,Duggal Housing Complex,3871.83,28.512933,77.228906,110062,South District,3.678488379618262,Category I,1
414,Karala,3424.66,28.735684,77.036117,110081,North West District,3.246555169163618,Category I,1
415,Mansa Ram Park Park Path,3500.0,28.617651,77.039019,110059,West District,3.3193280476564793,Category I,1
416,Pochanpur Colony,6263.89,28.561103,77.047446,110077,South West District,5.989041760659334,Category I,1
417,Sadar Bazaar,5166.93,28.591759,77.120554,110010,New Delhi District,4.92945937691193,Category I,1
418,Sector 103,4526.7,28.735093,77.142806,110042,North District,4.311044457911602,Category I,1
419,Sector 37 Rohini,3000.0,28.74381,77.060163,110086,North District,2.8363649570481604,Category I,1
420,Sector 9,13750.0,28.717325,77.127455,110085,North District,13.22007140512702,Category I,1
421,Sheikh Sarai Phase2 New Delhi,12513.91,28.534073,77.228266,110017,South District,12.026099711786946,Category I,1
422,Sonia Vihar,2545.45,28.716561,77.252766,110090,North East District,2.3973032113761374,Category I,1
423,South Patel Nagar,13333.33,28.652637,77.163834,110008,West District,12.817598943199485,Category I,1
424,Vasant Enclave,13221.54,28.574318,77.159724,110057,New Delhi District,12.709618055401275,Category I,1
425,Vasant Vihar C Block,40000.0,28.567879,77.15832,110057,New Delhi District,38.575633662063765,Category II,2
426,Batla House New Delhi,376.92,28.567446,77.286619,110025,South East Delhi District,0.30266330962242144,Category I,1
427,Block Ap Poorvi Pitampura,13257.08,28.703266,77.140724,110034,North West District,12.743947071881715,Category I,1
428,Chandni Chowk,8230.45,28.655159,77.233645,110006,Central District,7.888593551592726,Category I,1
429,Fatehpurberi,8869.05,28.632694,77.21966,,New Delhi District,8.50543401091767,Category I,1
430,Govindpuri Extension New Delhi,4166.67,28.534117,77.258786,110019,South East Delhi District,3.9632820548881758,Category I,1
431,Ishwar Nagar,11666.67,28.559345,77.267956,110065,South East Delhi District,11.207728414012962,Category I,1
432,Jahangir Puri,6709.35,28.72562,77.182357,110033,North District,6.419323237344098,Category I,1
433,Khanpur Colony,4100.0,28.509519,77.230424,110062,South District,3.898883756386463,Category I,1
434,Naharpur Village,2777.78,28.703462,77.115124,110085,North West District,2.6217168410581992,Category I,1
435,Pocket 7 Dwarka Sector 12,8536.63,28.591314,77.043701,110078,South West District,8.184340829757634,Category I,1
436,Sector 11,9190.97,28.73339,77.109005,110085,North West District,8.81638496717493,Category I,1
437,Sector 12,13166.78,28.728298,77.122771,110085,North District,12.656723937717853,Category I,1
438,Sector C Vasant Kunj,40625.0,28.534377,77.145972,110070,South District,39.179337525324165,Category II,2
439,Sitapuri,4444.44,28.607997,77.075381,110059,South West District,4.23158737024472,Category I,1
440,Sonepat,3390.63,28.632694,77.21966,,,3.213684701216816,Category I,1
441,Surajmal Vihar,21666.67,28.661599,77.305985,110092,Shahdara District,20.86699022617934,Category II,2
442,Ali Village,6976.74,28.516516,77.308501,110076,South East Delhi District,6.677602238939613,Category I,1
443,Burari Garhi,4817.3,28.755099,77.199031,110084,Central District,4.591742606173157,Category I,1
444,Ca Apartments,109.74,28.671059,77.102869,110063,West District,0.04458715252496001,Category I,1
445,Chandra Park,3902.11,28.610899,77.032639,110078,South West District,3.707736624385502,Category I,1
446,Daryaganj,9272.73,28.643996,77.241073,110002,Central District,8.895359091751203,Category I,1
447,Freedom Fighter Vihar,5000.0,28.510955,77.202062,110068,South District,4.768217319481437,Category I,1
448,Gazipur,10540.11,28.633403,77.318143,110096,East District,10.119554615301546,Category I,1
449,Hauz Rani,3571.43,28.528977,77.2094,110017,South District,3.388324154780784,Category I,1
450,Hill View,18416.67,28.575996,77.123512,110010,New Delhi District,17.727730137225265,Category I,1
451,Kanjhawla,3471.55,28.632694,77.21966,,New Delhi District,3.2918474478008664,Category I,1
452,Karawal Nagar,2666.67,28.725454,77.268624,110094,North East District,2.5143927830632187,Category I,1
453,Mehrauli Village,3870.36,28.521341,77.179337,110030,South District,3.6770684681318735,Category I,1
454,Palam Vihar,9152.54,28.580917,77.088389,110045,South West District,8.779264424030776,Category I,1
455,R K Puram,29411.76,28.59833,77.094487,110045,South West District,28.348175433058508,Category II,2
456,Ram Nagar Extension,5555.56,28.654776,77.282714,110051,Shahdara District,5.304847268718152,Category I,1
457,Rithala,4550.0,28.718672,77.100659,110085,North West District,4.33355053793395,Category I,1
458,Sector 10,8919.76,28.725049,77.114447,110085,North District,8.554416127567166,Category I,1
459,Sector 6,7889.0,28.579063,77.167392,110021,New Delhi District,7.558778057016304,Category I,1
460,Sector-16 Dwarka,4250.0,28.59772,77.057337,110075,South West District,4.0437726835689585,Category I,1
461,Sector-19 Rohini,11531.25,28.734704,77.142842,110042,North District,11.076922690552603,Category I,1
462,Sector-21 Rohini,7865.38,28.713045,77.067062,110086,North West District,7.535962880615968,Category I,1
463,Sfs Flats Saket,13571.43,28.523848,77.206773,110017,South District,13.047585966947164,Category I,1
464,Sidharth Ext,12727.27,28.579252,77.255716,110014,South East Delhi District,12.232189721811327,Category I,1
465,Sultanpur Extension,3969.7,28.496868,77.164988,110030,South District,3.773023574973934,Category I,1
466,10 Dwaraka Marg,8428.9,28.59853,77.087924,110045,South West District,8.080281602255166,Category I,1
467,A1 Block Paschim Vihar Delhi,10952.38,28.669306,77.093265,110063,West District,10.517777002031728,Category I,1
468,Bamnoli Village Delhi,5000.0,28.545682,77.031618,110077,South West District,4.768217319481437,Category I,1
469,Block J Rajouri Garden Extension,12923.08,28.64009,77.114278,110027,West District,12.421327727355358,Category I,1
470,Budh Nagar,7777.78,28.635105,77.142724,110012,New Delhi District,7.451347747141389,Category I,1
471,Dhul Siras,4375.0,28.549419,77.03127,110077,South West District,4.164513456221037,Category I,1
472,Dlf Phase 5,12375.48,28.628811,77.049516,110059,West District,11.892386550521126,Category I,1
473,Dps Matiyala,8750.75,28.612465,77.04412,110059,West District,8.391164943679742,Category I,1
474,Dr Ambedkar Colony,4666.67,28.50521,77.180133,110030,South District,4.446245145496495,Category I,1
475,Govindpura Old,6112.91,28.645439,77.285121,110051,East District,5.843206225819245,Category I,1
476,Katwaria Sarai,8125.0,28.539874,77.188008,110016,South District,7.786736635783431,Category I,1
477,Masjid Moth Village,7000.0,28.561161,77.217187,110049,South District,6.700069681914712,Category I,1
478,Masoodpur,14629.63,28.52691,77.154162,110070,New Delhi District,14.06972905191061,Category I,1
479,Maya Enclave,8771.65,28.618855,77.108939,110064,West District,8.411352800867169,Category I,1
480,New Layal Pur,5000.0,28.674808,77.267115,110053,North East District,4.768217319481437,Category I,1
481,Peeragarhi Village,592.07,28.6764,77.0906,110087,West District,0.510482327511181,Category I,1
482,Rajiv Chowk,11000.0,28.631606,77.219275,110001,New Delhi District,10.563774406781265,Category I,1
483,Residential Floorsector,13137.79,28.610071,77.20741,110001,New Delhi District,12.628721737724383,Category I,1
484,Sarojini Nagar,4526.75,28.575688,77.195757,110023,South District,4.311092754220662,Category I,1
485,Sector 18,11183.57,28.740602,77.137224,110089,North District,10.741089475867204,Category I,1
486,Sector 8B,13240.74,28.612632,77.328481,110096,East District,12.728163838080636,Category I,1
487,Shreshtha Vihar,12444.44,28.658515,77.318579,110092,Shahdara District,11.958996819977827,Category I,1
488,Shyam Enclave,5555.56,28.654006,77.305415,110092,Shahdara District,5.304847268718152,Category I,1
489,Surhera,4300.0,28.595728,76.941202,110043,South West District,4.09206899262979,Category I,1
490,Vishal Enclave,3724.14,28.650382,77.118619,110027,West District,3.535830741914377,Category I,1
491,Akshardham,23171.14,28.612332,77.27833,110092,East District,22.320197188034335,Category II,2
492,Ambica Vihar,9615.38,28.665092,77.080354,110087,West District,9.226333697745083,Category I,1
493,Ashirwad,8750.0,28.622128,77.058429,110059,West District,8.39044049904383,Category I,1
494,Azad Apartments,25000.0,28.542398,77.20163,110016,South District,24.086740943814196,Category II,2
495,Baldev Park East,7812.5,28.647966,77.288968,110051,East District,7.484884704153232,Category I,1
496,Bees Sutri Harijan Basti,1583.33,28.50522,77.197623,110062,South District,1.4679663139039856,Category I,1
497,Ber Sarai,18750.0,28.549408,77.180933,110016,New Delhi District,18.049702311210208,Category I,1
498,Cd Block Dakshini Pitampura,25000.0,28.69176,77.120353,110034,North West District,24.086740943814196,Category II,2
499,Dcm School Marg,6478.21,28.649656,77.164196,110008,West District,6.196059059817683,Category I,1
500,Devli Extention,2430.56,28.503704,77.23216,110062,South District,2.286327952416158,Category I,1
501,Devli Extention Deoli Gaon Nai Basti,3143.6,28.505528,77.234013,110062,South District,2.9750719566708694,Category I,1
502,Ghitorni Village South Delhi,17500.0,28.492572,77.145379,110030,New Delhi District,16.84229458468941,Category I,1
503,Gulab Bagh,566.67,28.636365,77.285144,110092,East District,0.48594780250827846,Category I,1
504,Igi Airport,4826.07,28.555013,77.08437,110037,New Delhi District,4.600213778782426,Category I,1
505,Jasola Sector 8,10833.33,28.544643,77.296658,110025,South East Delhi District,10.402783490157889,Category I,1
506,Kalkaji Flyover,12534.18,28.541421,77.255747,110019,South East Delhi District,12.045679035480207,Category I,1
507,Keshavpuram,8333.33,28.688039,77.16071,110035,North West District,7.987968037116293,Category I,1
508,Khushi Ram Park Param Puri,5000.0,28.616921,77.051712,110059,West District,4.768217319481437,Category I,1
509,Kishangarh Village New Delhi,5617.98,28.632694,77.21966,,New Delhi District,5.365140380949694,Category I,1
510,Lodhi Colony,12000.0,28.583717,77.224496,110003,South East Delhi District,11.529700587997903,Category I,1
511,Manglapuri Village,36638.98,28.588744,77.087511,110045,South West District,35.329136448471026,Category II,2
512,Mayur Vihar Pocket F,47435.48,28.680359,77.317982,110095,Shahdara District,45.75775846397646,Category III,3
513,Mianwali Nagar Peera Garhi,10400.0,28.679509,77.096072,110056,West District,9.984218698051283,Category I,1
514,Mirpur Turk,4483.43,28.706748,77.265361,110094,North East District,4.2692488320503585,Category I,1
515,Moti Bagh South,4545.45,28.58055,77.1726,110021,New Delhi District,4.329155573809413,Category I,1
516,Munirka Flyover,10296.3,28.553441,77.174918,110067,New Delhi District,9.884052153059116,Category I,1
517,Munirka Marg,11273.33,28.553441,77.174918,110067,New Delhi District,10.82779100989321,Category I,1
518,Pant Nagar,3264.76,28.585639,77.243685,110014,South East Delhi District,3.0921035727870776,Category I,1
519,Pind Wala Khurd Village,65573.77,28.559322,76.97115,110043,South West District,63.2780076574764,Category IV,4
520,Pocket 7 Sector D,11764.71,28.529379,77.146218,110070,South District,11.30242781681944,Category I,1
521,Pocket 8 Sector C,16666.67,28.537006,77.141515,110070,South District,16.037359320096147,Category I,1
522,Pratap Khand,6209.15,28.672288,77.30823,110095,Shahdara District,5.936166961499534,Category I,1
523,Sadh Nagar Palam Colony,3823.53,28.591095,77.0938,110045,South West District,3.6318341450654987,Category I,1
524,Sandesh Vihar,18518.52,28.691363,77.141998,110034,North West District,17.82610971878218,Category I,1
525,Sector 108,5624.3,28.855418,77.096334,110040,North District,5.371245034414985,Category I,1
526,Sector 16A Dwarka,6269.59,28.611972,77.018489,110078,South West District,5.9945475398922685,Category I,1
527,Sector 5,8758.77,28.52352,77.224102,110017,South District,8.398911671653101,Category I,1
528,Sector 7,9485.71,28.530248,77.227821,110017,South District,9.10108204982672,Category I,1
529,Sector B Pocket 10,1947.62,28.532418,77.153659,110070,South District,1.819843562459395,Category I,1
530,Sector17 Rohini,7995.09,28.721034,77.073372,110086,North West District,7.661253165581577,Category I,1
531,Shaheen Bagh New Delhi,4896.42,28.544888,77.302624,110025,South East Delhi District,4.668166685631017,Category I,1
532,West Enclave,10752.68,28.628375,77.074996,,West District,10.324881543642766,Category I,1
533,Delhi Cantt,527.04,28.596475,77.13247,110010,New Delhi District,0.4476681479466631,Category I,1
534,Abul Fazal Enclave Part 2 New Delhi,4555.56,28.549208,77.299861,110025,South East Delhi District,4.3389210875015145,Category I,1
535,Antriksh Bhawan,3542.37,28.62872,77.222853,110001,New Delhi District,3.3602543399546283,Category I,1
536,Block Jp Poorvi Pitampura,9988.01,28.702802,77.14598,110034,North West District,9.58626677065184,Category I,1
537,Block Uu Uttari Pitampura,7781.65,28.705857,77.13941,110034,North West District,7.455085881462697,Category I,1
538,Chirag Dilli,3500.0,28.538589,77.228025,110017,South District,3.3193280476564793,Category I,1
539,Commercial Shop Karol Bagh,16650.0,28.652979,77.192229,110005,Central District,16.02125733065527,Category I,1
540,Commonwealth Games Village,15476.19,28.615,77.273474,110092,East District,14.88744351988137,Category I,1
541,E Block Preet Vihar,13263.42,28.638923,77.297743,110092,East District,12.750071043870628,Category I,1
542,Experion Heartsong,6303.13,28.596475,77.13247,110010,New Delhi District,6.026944704010274,Category I,1
543,Gulabhi Bagh Om Vihar,3600.0,28.626044,77.05264,110059,West District,3.415920665778143,Category I,1
544,Janakpuri B1 Market,9444.44,28.628996,77.091333,110058,West District,9.061218276327912,Category I,1
545,Kapas Hera Extension,1866.67,28.594804,77.198137,110021,New Delhi District,1.7416518380899082,Category I,1
546,Karampura West,13513.51,28.664786,77.147423,110015,West District,12.991639522531099,Category I,1
547,Lig Flats,8819.93,28.634795,77.06071,110059,West District,8.457987716896309,Category I,1
548,Mandakini Enclave,16388.89,28.529337,77.248602,110019,South East Delhi District,15.769044345477793,Category I,1
549,Mount Kailash Apartment,18333.33,28.553428,77.245946,110065,South East Delhi District,17.647229849282674,Category I,1
550,Narmada Apartments,13462.57,28.527007,77.248206,110019,South East Delhi District,12.94243524285992,Category I,1
551,Netaji Subash Marg,7826.09,28.645492,77.240409,110002,Central District,7.498011640955965,Category I,1
552,Noor Nagar,4266.67,28.557413,77.287111,110025,South East Delhi District,4.05987467300984,Category I,1
553,Partap Nagar,5000.0,28.708526,77.307316,110093,Shahdara District,4.768217319481437,Category I,1
554,Paschim Vihar A 1 Block,8300.0,28.678813,77.096991,110063,West District,7.955773717496342,Category I,1
555,Pocket 11 Sector B,16000.0,28.532134,77.151477,110070,South District,15.393405312864456,Category I,1
556,Pocket 2 Sector D,13365.38,28.613827,77.327863,110096,East District,12.848556877307477,Category I,1
557,Pocket 9 Sector C,16666.67,28.539503,77.143912,110070,South District,16.037359320096147,Category I,1
558,Residential Flat Mehrauli,3370.79,28.521341,77.179337,110030,South District,3.194520725781478,Category I,1
559,Rishi Nagar,6222.22,28.686199,77.127398,110034,North West District,5.948791616688037,Category I,1
560,Saiyad Ul Ajaib Village,3777.78,28.51808,77.200847,110030,South District,3.5876430222748374,Category I,1
561,Salempur Majra,18750.0,28.768899,77.196855,110084,Central District,18.049702311210208,Category I,1
562,Sector 1,8674.1,28.849061,77.116154,110040,North District,8.317126701889487,Category I,1
563,Sector 10 Pocket 1,7250.0,28.594815,77.074271,110075,South West District,6.941551227218873,Category I,1
564,Sector 12 Dwarka Pocket 2,8000.0,28.595479,77.047881,110078,South West District,7.665995863131352,Category I,1
565,Sector 30,4603.58,28.755792,77.082597,110042,North District,4.385304862723537,Category I,1
566,Sector4Pkt 1,9233.81,28.514217,77.106693,110038,New Delhi District,8.857765244778252,Category I,1
567,Shahabad Mohammadpur,4266.67,28.557121,77.071742,110037,New Delhi District,4.05987467300984,Category I,1
568,Shankar Vihar,12306.61,28.566631,77.14623,110010,New Delhi District,11.825863214420737,Category I,1
569,Subzi Mandi,4784.69,28.67191,77.204144,110007,Central District,4.5602437534036815,Category I,1
570,Ujwa,4200.0,28.570126,76.912299,110073,South West District,3.9954763745081263,Category I,1
571,B4 Block,11764.71,28.699916,77.266174,110053,North East District,11.30242781681944,Category I,1
572,Baprola,10952.38,28.641795,77.014447,110043,West District,10.517777002031728,Category I,1
573,Bhagat Chandra Hospital,6800.0,28.593252,77.081135,110045,South West District,6.506884445671385,Category I,1
574,Bhagwati Garden Extension,4100.0,28.625185,77.030035,110059,West District,3.898883756386463,Category I,1
575,Bharthal,2285.71,28.544379,77.047411,110077,South West District,2.1464135450669284,Category I,1
576,Block Gh5,7333.33,28.572861,77.071862,110077,New Delhi District,7.022041855899655,Category I,1
577,Block Ld Dakshini Pitampura,16666.67,28.69176,77.120353,110034,North West District,16.037359320096147,Category I,1
578,Block Sd Delhi,7588.24,28.696568,77.145981,110034,North West District,7.268266098753588,Category I,1
579,Commercial Shop Indra Park,29761.9,28.619936,77.068563,110059,West District,28.68638482614971,Category II,2
580,D3 Street,23333.33,28.564081,77.154981,110057,New Delhi District,22.476860755365866,Category II,2
581,Dda Flats,18888.89,28.606942,77.107619,110058,New Delhi District,18.183859798519386,Category I,1
582,Desh Bandhu Gupta Marg,11125.0,28.652157,77.194249,110005,Central District,10.684515179433344,Category I,1
583,Dilshad Colony New Simapuri,12241.05,28.6884,77.326317,110095,Shahdara District,11.762537093980173,Category I,1
584,Durga Vihar New Delhi,3571.43,28.594923,76.984881,110043,South West District,3.388324154780784,Category I,1
585,Dwarka 29 Sector,3975.63,28.57616,77.050916,110075,South West District,3.778751517228549,Category I,1
586,Dwarka Flyover,9714.29,28.592907,77.079503,110075,South West District,9.321873456329223,Category I,1
587,Dwarka Sec 21,3800.0,28.558233,77.0688,110077,New Delhi District,3.609105902021471,Category I,1
588,Dwarka Sec3,8333.33,28.56448,77.055066,110077,New Delhi District,7.987968037116293,Category I,1
589,Dwarka Sec6 Market,8857.14,28.590629,77.057679,110075,South West District,8.493929830099379,Category I,1
590,Dwarka Sector 12 Pocket 6,7500.0,28.592126,77.044647,110078,South West District,7.183032772523032,Category I,1
591,Dwarka Sector 23 Pocket 1,10584.62,28.56448,77.055066,110077,New Delhi District,10.162547989627498,Category I,1
592,Dwarka Sector 25,3800.0,28.555591,77.054558,110077,South West District,3.609105902021471,Category I,1
593,Epdp Colony,7764.71,28.583717,77.224496,110003,South East Delhi District,7.438723091952888,Category I,1
594,Fajalpur Village,11000.0,28.624655,77.289184,110092,East District,10.563774406781265,Category I,1
595,Gharoli Dairy Farm,10464.43,28.612945,77.332072,110096,East District,10.04645332190707,Category I,1
596,Godavari Apartments,11764.71,28.526516,77.253432,110019,South East Delhi District,11.30242781681944,Category I,1
597,Goyla Vihar,13888.89,28.581475,77.016036,110071,South West District,13.354228892436199,Category I,1
598,Inder Enclave,10344.83,28.70528,77.0464,110086,North West District,9.930928550633562,Category I,1
599,Jagdamba Camp,11111.11,28.520396,77.306913,110076,South East Delhi District,10.671098464776247,Category I,1
600,Kapas Hera Estate,3200.0,28.594804,77.198137,110021,New Delhi District,3.029550193291488,Category I,1
601,Khanpur Dhani,8431.37,28.709851,77.279332,110094,North East District,8.082667439922773,Category I,1
602,Khari Baoli,4878.05,28.657404,77.222944,110006,Central District,4.650422621682068,Category I,1
603,Kondali Main,5625.0,28.614001,77.324394,110096,East District,5.371921182741835,Category I,1
604,Mahaveer Nagar Kotla Mubarakpur,24429.97,28.575093,77.226034,110003,South East Delhi District,23.536134042735277,Category II,2
605,Mahrauli,3518.52,28.500353,77.301768,110044,South East Delhi District,3.3372170005326116,Category I,1
606,Masjid Moth Phase 2,10769.23,28.540533,77.233534,110048,South East Delhi District,10.340867621941902,Category I,1
607,Meenakshi Garden,12213.74,28.639439,77.103622,110018,West District,11.736157649971148,Category I,1
608,Nangloi Saiyed Village,5491.7,28.660145,77.08348,110087,West District,5.2431632227856575,Category I,1
609,Nelson Mandela Marg,20000.0,28.55343,77.166359,110067,New Delhi District,19.257110037731007,Category I,1
610,New Govindpura,6666.67,28.645781,77.284887,110051,East District,6.3780975079297715,Category I,1
611,New Krishna Nagar,5000.0,28.65846,77.283538,110051,Shahdara District,4.768217319481437,Category I,1
612,New Pragatesheel Apartment,7586.21,28.600928,77.320745,110096,East District,7.266305268605719,Category I,1
613,Om Vihar Extn Om Vihar,4943.75,28.617795,77.050624,110059,West District,4.713883971788,Category I,1
614,Om Vihar Phase 4,4750.0,28.625908,77.049997,110059,West District,4.526735774177277,Category I,1
615,Paryatan Vihar,9671.18,28.600932,77.313833,110096,East District,9.280232378656974,Category I,1
616,Pocket 10 Sector B,18000.0,28.532418,77.153659,110070,South District,17.32525767529773,Category I,1
617,Pocket 6 Sector 2,12500.0,28.834456,77.110325,110040,North District,12.012663678606222,Category I,1
618,Pocket 9,16250.0,28.599696,77.09011,110045,South West District,15.634886858168615,Category I,1
619,Pocket 9 Sector B,8181.82,28.531719,77.152256,110070,New Delhi District,7.84162056140016,Category I,1
620,Pocket A Sector 17 Dwarka,8181.82,28.591823,77.028044,110078,South West District,7.84162056140016,Category I,1
621,Police Lines,18181.82,28.697125,77.202464,110009,North District,17.50088237356654,Category I,1
622,Pontoon Bridge,80000.0,28.70587,77.232257,110054,North East District,77.21268091072929,Category IV,4
623,Prime Chowk,8823.53,28.608729,77.208822,110011,New Delhi District,8.46146505114869,Category I,1
624,Puth Khurd Village,3428.57,28.770351,77.04933,110039,North District,3.250331940532175,Category I,1
625,Ram Colony Chattarpur,5555.56,28.496447,77.179047,110030,South District,5.304847268718152,Category I,1
626,Rampura Marg,9259.26,28.676958,77.153963,110035,North West District,8.882348066090215,Category I,1
627,Residential Flat Dharam Pura,3259.81,28.607164,76.992862,110043,South West District,3.087322238190055,Category I,1
628,Residential Flat East Of Kailash,11555.56,28.555346,77.247987,110065,South East Delhi District,11.10040435601798,Category I,1
629,Residential Flat Pocket A,2800.0,28.534737,77.288388,110076,South East Delhi District,2.6431797208048327,Category I,1
630,Residential Flat Pocket D,2777.78,28.531203,77.296619,110076,South East Delhi District,2.6217168410581992,Category I,1
631,Residential Flat Uttam Nagar,3777.78,28.618535,77.056782,110059,West District,3.5876430222748374,Category I,1
632,Residential Floor Drayaganj,5149.79,28.610071,77.20741,110001,New Delhi District,4.912903402165877,Category I,1
633,Residential Floor East Ram Nagar,5288.16,28.623835,77.270836,,East District,5.046558607860823,Category I,1
634,Residential Floor Om Vihar,3442.13,28.626044,77.05264,110059,West District,3.2634298995494726,Category I,1
635,Residential Floor Ram Nagar,3790.38,28.680237,77.296504,110032,Shahdara District,3.5998136921581674,Category I,1
636,Residential Floor Tilak Nagar,4582.82,28.637748,77.088869,110018,West District,4.3652522352014795,Category I,1
637,Residential Floor Uttam Nagar,4382.47,28.618535,77.056782,110059,West District,4.171728924794726,Category I,1
638,Residential Floorblocka Sector,841.24,28.610071,77.20741,110001,New Delhi District,0.7511621540849308,Category I,1
639,Residential Floorpaschim Vihar,8131.84,28.610071,77.20741,110001,New Delhi District,7.793343570862953,Category I,1
640,Residential House Uttam Nagar,2812.5,28.618535,77.056782,110059,West District,2.655253798070041,Category I,1
641,Rocky Area,3333.33,28.712738,77.260986,110094,North East District,3.1583371310331025,Category I,1
642,Sec 6 Pocket 1,8750.0,28.594708,77.074252,110075,South West District,8.39044049904383,Category I,1
643,Sector 112,3188.01,28.855418,77.096334,110040,North District,3.017968738378701,Category I,1
644,Sector 12 Pocket 7,8166.67,28.840909,77.099224,110040,North District,7.826986779754728,Category I,1
645,Sector 13,8750.0,28.721065,77.128913,110089,North District,8.39044049904383,Category I,1
646,Sector 17,8421.05,28.741052,77.115233,110089,North District,8.072699081732617,Category I,1
647,Sector 18 A,7500.0,28.577017,77.050481,110075,South West District,7.183032772523032,Category I,1
648,Sector 18 Rohini,8947.37,28.740602,77.137224,110089,North District,8.581085349430559,Category I,1
649,Sector 21,4200.0,28.558233,77.0688,110077,New Delhi District,3.9954763745081263,Category I,1
650,Sector 21 Dwarka New Delhi,8452.38,28.55764,77.067198,110077,New Delhi District,8.102961548990132,Category I,1
651,Sector 25 Dwarka,4368.42,28.555591,77.054558,110077,South West District,4.158157661948633,Category I,1
652,Sector 37,5241.64,28.854101,77.102567,110040,North District,5.001623721910625,Category I,1
653,Sector B,17142.86,28.522471,77.164599,110070,South District,16.4973237083297,Category I,1
654,Shankar Garden,10540.54,28.629272,77.071521,110018,West District,10.11996996355947,Category I,1
655,Sheikh Sarai Inner Lane,16206.9,28.536347,77.221134,110017,South District,15.593255439758178,Category I,1
656,Siddharth Enclave,12500.0,28.617713,77.064994,110059,South West District,12.012663678606222,Category I,1
657,Siddhartha Enclave,11818.18,28.574015,77.258609,110014,South East Delhi District,11.354075889729094,Category I,1
658,Siddhartha Extension,9200.0,28.580603,77.258955,110014,South East Delhi District,8.825107280591316,Category I,1
659,Suraj Vihar,5625.0,28.612379,77.032206,110078,South West District,5.371921182741835,Category I,1
660,Sushant Vihar,3499.69,28.775758,77.168902,110036,North District,3.3190286105403026,Category I,1
661,Telibara,5333.33,28.632694,77.21966,,New Delhi District,5.0901894934663785,Category I,1
662,Timarpur,916.39,28.701694,77.221352,110054,Central District,0.8237515066033612,Category I,1
663,Vijay Mandal Enclave,12500.0,28.540769,77.204163,110016,South District,12.012663678606222,Category I,1
664,Vikaspuri Flyover,7222.22,28.638774,77.075727,110018,West District,6.914717797904675,Category I,1
